kind,etags,resourceId,resourceName,generatedResourceName,resourceType,resourceDescription,resourceEmail,resourceCategory,userVisibleDescription,capacity
admin#directory#resources#calendars#CalendarResource,"""BHP2ZsIq1HPrqEG_xY7Tkngn4lU/pViQ2H1QS6vwzv6Wo1wdzVVRRMk""",-10811274-531,(カメラ)-大阪-NIKON一眼レフカメラ,(カメラ)-大阪-NIKON一眼レフカメラ,IT機器-大阪,,919.jp_2d31303831313237342d353331@resource.calendar.google.com,CATEGORY_UNKNOWN,,
admin#directory#resources#calendars#CalendarResource,"""BHP2ZsIq1HPrqEG_xY7Tkngn4lU/jrpk_jRce7-_cElMDdfCDloF69U""",-12097853577,(機器)-大阪-紹介部　プロジェクタ,(機器)-大阪-紹介部　プロジェクタ,IT機器-大阪,,919.jp_2d3132303937383533353737@resource.calendar.google.com,CATEGORY_UNKNOWN,,
admin#directory#resources#calendars#CalendarResource,"""BHP2ZsIq1HPrqEG_xY7Tkngn4lU/d7fSuJQfVyp8K1R6Wv38aimc9d0""",-15277847932,(PC)-大阪-Rノートパソコン【小】,(PC)-大阪-Rノートパソコン【小】,IT機器-大阪,,919.jp_2d3135323737383437393332@resource.calendar.google.com,CATEGORY_UNKNOWN,,
admin#directory#resources#calendars#CalendarResource,"""BHP2ZsIq1HPrqEG_xY7Tkngn4lU/zXXY60DaZlJE_UkuaQ5xos8Z4y4""",-15492097126,大阪-紹介部 個室1,大阪-紹介部 個室1,会議室-大阪,,919.jp_2d3135343932303937313236@resource.calendar.google.com,CATEGORY_UNKNOWN,,
admin#directory#resources#calendars#CalendarResource,"""BHP2ZsIq1HPrqEG_xY7Tkngn4lU/YbqI1OhElcIBEdmfgqwXW-9MUfs""",-15925579676,大阪-和室-6,大阪-和室-6,会議室-大阪,,919.jp_2d3135393235353739363736@resource.calendar.google.com,CATEGORY_UNKNOWN,,
admin#directory#resources#calendars#CalendarResource,"""BHP2ZsIq1HPrqEG_xY7Tkngn4lU/guEHTvj6rzEwB-fN5IbYNS71WDo""",-21796250-577,(自転車)-名古屋-かご小,(自転車)-名古屋-かご小,自転車-名古屋R,,919.jp_2d32313739363235302d353737@resource.calendar.google.com,CATEGORY_UNKNOWN,,
admin#directory#resources#calendars#CalendarResource,"""BHP2ZsIq1HPrqEG_xY7Tkngn4lU/h3Q6R-hnqkJESiDe-sofVSrL_14""",-24426273-455,(自転車)-大阪-ASピンク,(自転車)-大阪-ASピンク,自転車-大阪,,919.jp_2d32343432363237332d343535@resource.calendar.google.com,CATEGORY_UNKNOWN,,
admin#directory#resources#calendars#CalendarResource,"""BHP2ZsIq1HPrqEG_xY7Tkngn4lU/hy3Zloj2fgWDvWn-HPGvQSvOTKM""",-2835798164,大阪-紹介部 小会議室-10,大阪-紹介部 小会議室-10,会議室-大阪,,919.jp_2d32383335373938313634@resource.calendar.google.com,CATEGORY_UNKNOWN,,
admin#directory#resources#calendars#CalendarResource,"""BHP2ZsIq1HPrqEG_xY7Tkngn4lU/-v80yRPK1T4fq8c8VYZwFJXdg3w""",-28537914645,(カメラ)-名古屋-一眼レフカメラ,(カメラ)-名古屋-一眼レフカメラ,備品・部屋-名古屋R,,919.jp_2d3238353337393134363435@resource.calendar.google.com,CATEGORY_UNKNOWN,,
admin#directory#resources#calendars#CalendarResource,"""BHP2ZsIq1HPrqEG_xY7Tkngn4lU/Y1Ep2hIbqHtFnzWHRomPUkZEdf0""",-33423667-428,(車)-大阪-ミラ,(車)-大阪-ミラ,車-大阪,,919.jp_2d33333432333636372d343238@resource.calendar.google.com,CATEGORY_UNKNOWN,,
admin#directory#resources#calendars#CalendarResource,"""BHP2ZsIq1HPrqEG_xY7Tkngn4lU/YSO6w8_-T5WnUqz3-zhDzd3WhKM""",-3378141745,(自転車)-名古屋-橙色（土橋）,(自転車)-名古屋-橙色（土橋）,自転車-名古屋R,,919.jp_2d33333738313431373435@resource.calendar.google.com,CATEGORY_UNKNOWN,,
admin#directory#resources#calendars#CalendarResource,"""BHP2ZsIq1HPrqEG_xY7Tkngn4lU/tcg9K6HhzZV43CGoKfdOxXBcWW0""",-34252558-695,(車)-名古屋-銀ビッツ新（6189）,(車)-名古屋-銀ビッツ新（6189）,車-名古屋R,,919.jp_2d33343235323535382d363935@resource.calendar.google.com,CATEGORY_UNKNOWN,,
admin#directory#resources#calendars#CalendarResource,"""BHP2ZsIq1HPrqEG_xY7Tkngn4lU/z6UPGDbunL0B8DFQH6_M9kyTV7s""",-34573147-558,(自転車)-大阪-ASホワイト（野田阪神）,(自転車)-大阪-ASホワイト（野田阪神）,自転車-大阪,,919.jp_2d33343537333134372d353538@resource.calendar.google.com,CATEGORY_UNKNOWN,,
admin#directory#resources#calendars#CalendarResource,"""BHP2ZsIq1HPrqEG_xY7Tkngn4lU/pHkkJ-hOYy3zhep7K_bAXaMvo7U""",-3519772242,(機器)-大阪-ポータブルDVDプレーヤ,(機器)-大阪-ポータブルDVDプレーヤ,IT機器-大阪,,919.jp_2d33353139373732323432@resource.calendar.google.com,CATEGORY_UNKNOWN,,
admin#directory#resources#calendars#CalendarResource,"""BHP2ZsIq1HPrqEG_xY7Tkngn4lU/tinfSHntubo3QEk9OrdN-3jl0Jw""",-36964272-329,(自転車)-大阪-ASブラック,(自転車)-大阪-ASブラック,自転車-大阪,,919.jp_2d33363936343237322d333239@resource.calendar.google.com,CATEGORY_UNKNOWN,,
admin#directory#resources#calendars#CalendarResource,"""BHP2ZsIq1HPrqEG_xY7Tkngn4lU/G2CkFNdJEwT3XilxRlCJTuSZi_g""",-37923785732,大阪-監査法人室-10,大阪-監査法人室-10,会議室-大阪,,919.jp_2d3337393233373835373332@resource.calendar.google.com,CATEGORY_UNKNOWN,,
admin#directory#resources#calendars#CalendarResource,"""BHP2ZsIq1HPrqEG_xY7Tkngn4lU/mlsa7Q7HsVADdnVP4T9MdN03tSs""",-38375194424,(カメラ)-東京-NIKON D5200,(カメラ)-東京-NIKON D5200,IT機器-東京,,919.jp_2d3338333735313934343234@resource.calendar.google.com,CATEGORY_UNKNOWN,,
admin#directory#resources#calendars#CalendarResource,"""BHP2ZsIq1HPrqEG_xY7Tkngn4lU/agrwilQts1hBymRPhDYMjcVZ2qI""",-3888369-64,(機器)-東京-ノートPC銀（LET'S NOTE）,(機器)-東京-ノートPC銀（LET'S NOTE）,IT機器-東京,,919.jp_2d333838383336392d3634@resource.calendar.google.com,CATEGORY_UNKNOWN,,
admin#directory#resources#calendars#CalendarResource,"""BHP2ZsIq1HPrqEG_xY7Tkngn4lU/H4p3f9AjCgtw5EtiLa1BiO6thOs""",-3986299411,(カメラ)-大阪-紹介部　カメラ（キヤノンEOS Kiss）,(カメラ)-大阪-紹介部　カメラ（キヤノンEOS Kiss）,IT機器-大阪,,919.jp_2d33393836323939343131@resource.calendar.google.com,CATEGORY_UNKNOWN,,
admin#directory#resources#calendars#CalendarResource,"""BHP2ZsIq1HPrqEG_xY7Tkngn4lU/bpePGPYlmYmf8qFAzybdl1M5WO0""",-40325843151,東京-ATT-3-セミナールームD,東京-ATT-3-セミナールームD,会議室-ATT,,919.jp_2d3430333235383433313531@resource.calendar.google.com,CATEGORY_UNKNOWN,,
admin#directory#resources#calendars#CalendarResource,"""BHP2ZsIq1HPrqEG_xY7Tkngn4lU/skVT9MeFNKUtaxGtICFaJNxspuU""",-423421-634,(カメラ)-東京-PENTAX　K-S1（カメラケース/CHUMS）,(カメラ)-東京-PENTAX　K-S1（カメラケース/CHUMS）,IT機器-東京,,919.jp_2d3432333432312d363334@resource.calendar.google.com,CATEGORY_UNKNOWN,,
admin#directory#resources#calendars#CalendarResource,"""BHP2ZsIq1HPrqEG_xY7Tkngn4lU/4JoXU7_WvrfZaHtSZYGH1iU4daU""",-42471814-493,東京-ATT-3-応接室2-4,東京-ATT-3-応接室2-4,会議室-ATT,,919.jp_2d34323437313831342d343933@resource.calendar.google.com,CATEGORY_UNKNOWN,,
admin#directory#resources#calendars#CalendarResource,"""BHP2ZsIq1HPrqEG_xY7Tkngn4lU/UWPVT3BCyi5OKJ2aVujsxwUh5Kk""",-44221366750,(機器)-東京-ビデオカメラ,(機器)-東京-ビデオカメラ,IT機器-東京,,919.jp_2d3434323231333636373530@resource.calendar.google.com,CATEGORY_UNKNOWN,,
admin#directory#resources#calendars#CalendarResource,"""BHP2ZsIq1HPrqEG_xY7Tkngn4lU/LRLHPI0dNIC0TzHT_kIbKXCFVMI""",-46081634-243,大阪-プレゼンテーションルーム-12,大阪-プレゼンテーションルーム-12,会議室-大阪,,919.jp_2d34363038313633342d323433@resource.calendar.google.com,CATEGORY_UNKNOWN,,
admin#directory#resources#calendars#CalendarResource,"""BHP2ZsIq1HPrqEG_xY7Tkngn4lU/q3Ry-117Mp2bS1YjRxs_rh0skQk""",-46347777751,大阪-紹介部 大会議室-18,大阪-紹介部 大会議室-18,会議室-大阪,,919.jp_2d3436333437373737373531@resource.calendar.google.com,CATEGORY_UNKNOWN,,
admin#directory#resources#calendars#CalendarResource,"""BHP2ZsIq1HPrqEG_xY7Tkngn4lU/245WKehMsponLklMLXPfTZMPxKY""",-47257754641,(自転車)-名古屋-銀色Ｂ（伊藤）,(自転車)-名古屋-銀色Ｂ（伊藤）,自転車-名古屋R,,919.jp_2d3437323537373534363431@resource.calendar.google.com,CATEGORY_UNKNOWN,,
admin#directory#resources#calendars#CalendarResource,"""BHP2ZsIq1HPrqEG_xY7Tkngn4lU/-O9cjqvnf39sdGzOTFqpI9osMF0""",-4745004-801,(カメラ)-大阪-AS梅田一眼レフ,(カメラ)-大阪-AS梅田一眼レフ,IT機器-大阪,,919.jp_2d343734353030342d383031@resource.calendar.google.com,CATEGORY_UNKNOWN,,
admin#directory#resources#calendars#CalendarResource,"""BHP2ZsIq1HPrqEG_xY7Tkngn4lU/Q-GZ4bdbk0jzifTnUcpaEOA36YE""",-5271842028,(自転車)-大阪-Rグリーン,(自転車)-大阪-Rグリーン,自転車-大阪,,919.jp_2d35323731383432303238@resource.calendar.google.com,CATEGORY_UNKNOWN,,
admin#directory#resources#calendars#CalendarResource,"""BHP2ZsIq1HPrqEG_xY7Tkngn4lU/Q2P5wjG46ZHkk4mgSFPdxJZPu3A""",-52841131-928,(車)-名古屋-カーシェア1,(車)-名古屋-カーシェア1,車-名古屋R,,919.jp_2d35323834313133312d393238@resource.calendar.google.com,CATEGORY_UNKNOWN,,
admin#directory#resources#calendars#CalendarResource,"""BHP2ZsIq1HPrqEG_xY7Tkngn4lU/xrdavWk-rhEFzKhJhjxl4_dRvNc""",-53920336-327,(自転車)-名古屋-青色（山崎）,(自転車)-名古屋-青色（山崎）,自転車-名古屋R,,919.jp_2d35333932303333362d333237@resource.calendar.google.com,CATEGORY_UNKNOWN,,
admin#directory#resources#calendars#CalendarResource,"""BHP2ZsIq1HPrqEG_xY7Tkngn4lU/nZ26ShbYLry88E3hQqU9x0Qbhi4""",-55939428790,(ライセンス)-東京-①ゴーリスアカウント,(ライセンス)-東京-①ゴーリスアカウント,ライセンス,,919.jp_2d3535393339343238373930@resource.calendar.google.com,CATEGORY_UNKNOWN,,
admin#directory#resources#calendars#CalendarResource,"""BHP2ZsIq1HPrqEG_xY7Tkngn4lU/u3dYGEJ3KRzRlXq_Uw0tlHVuu_0""",-58939341557,(自転車)-名古屋-銀色Ａ（今戸）,(自転車)-名古屋-銀色Ａ（今戸）,自転車-名古屋R,,919.jp_2d3538393339333431353537@resource.calendar.google.com,CATEGORY_UNKNOWN,,
admin#directory#resources#calendars#CalendarResource,"""BHP2ZsIq1HPrqEG_xY7Tkngn4lU/Cw7pr7aP2euIYOrKtgmUJoBENX4""",-60216537-150,(ツール)-大阪-言霊,(ツール)-大阪-言霊,営業ツール-大阪,,919.jp_2d36303231363533372d313530@resource.calendar.google.com,CATEGORY_UNKNOWN,,
admin#directory#resources#calendars#CalendarResource,"""BHP2ZsIq1HPrqEG_xY7Tkngn4lU/JFZ9HhzJBXocGVVaXDzs_1jjYkA""",-60448223-456,(機器)-大阪-紹介部　ビデオカメラセット(ビデオカメラと三脚)),(機器)-大阪-紹介部　ビデオカメラセット(ビデオカメラと三脚)),IT機器-大阪,,919.jp_2d36303434383232332d343536@resource.calendar.google.com,CATEGORY_UNKNOWN,,
admin#directory#resources#calendars#CalendarResource,"""BHP2ZsIq1HPrqEG_xY7Tkngn4lU/7-D-EQ-njadWonXu4kXHy8G4deE""",-60861216705,大阪-紹介部 個室3,大阪-紹介部 個室3,会議室-大阪,,919.jp_2d3630383631323136373035@resource.calendar.google.com,CATEGORY_UNKNOWN,,
admin#directory#resources#calendars#CalendarResource,"""BHP2ZsIq1HPrqEG_xY7Tkngn4lU/AzIB9lld-kzsBn0OPfyabs6NDAg""",-60940379836,大阪-紹介部 個室2,大阪-紹介部 個室2,会議室-大阪,,919.jp_2d3630393430333739383336@resource.calendar.google.com,CATEGORY_UNKNOWN,,
admin#directory#resources#calendars#CalendarResource,"""BHP2ZsIq1HPrqEG_xY7Tkngn4lU/jXxmv8ib4HRsBokwr9kbDieAX0o""",-6164620-527,(カメラ)-大阪-紹介部　デジタルカメラ,(カメラ)-大阪-紹介部　デジタルカメラ,IT機器-大阪,,919.jp_2d363136343632302d353237@resource.calendar.google.com,CATEGORY_UNKNOWN,,
admin#directory#resources#calendars#CalendarResource,"""BHP2ZsIq1HPrqEG_xY7Tkngn4lU/xwmuidSlsFMDhwR2bn5T9OxH1a0""",-63920855948,東京-ATT-3-面談室7-4,東京-ATT-3-面談室7-4,会議室-ATT,,919.jp_2d3633393230383535393438@resource.calendar.google.com,CATEGORY_UNKNOWN,,
admin#directory#resources#calendars#CalendarResource,"""BHP2ZsIq1HPrqEG_xY7Tkngn4lU/PDGm0wVufuAqlRT1VzoAhh7KiSo""",-648677662,(ライセンス)-東京-②ゴーリスアカウント,(ライセンス)-東京-②ゴーリスアカウント,ライセンス,,919.jp_2d363438363737363632@resource.calendar.google.com,CATEGORY_UNKNOWN,,
admin#directory#resources#calendars#CalendarResource,"""BHP2ZsIq1HPrqEG_xY7Tkngn4lU/SHLd0uejX-TV563C1F3DBGbfU0c""",-67883561819,(機器)-東京-ノートPC銀（DELL Vostro3550）,(機器)-東京-ノートPC銀（DELL Vostro3550）,IT機器-東京,,919.jp_2d3637383833353631383139@resource.calendar.google.com,CATEGORY_UNKNOWN,,
admin#directory#resources#calendars#CalendarResource,"""BHP2ZsIq1HPrqEG_xY7Tkngn4lU/LO7FTzRdfiV_CenutBszUqb9fYI""",-691622-269,大阪-リクルーティング会議室,大阪-リクルーティング会議室,会議室-大阪,,919.jp_2d3639313632322d323639@resource.calendar.google.com,CATEGORY_UNKNOWN,,
admin#directory#resources#calendars#CalendarResource,"""BHP2ZsIq1HPrqEG_xY7Tkngn4lU/zR3eyXSUK0eMgKebJKYOpuv8HQg""",-7142397653,大阪-男性休憩室-1,大阪-男性休憩室-1,会議室-大阪,鍵は総務部まで,919.jp_2d37313432333937363533@resource.calendar.google.com,CATEGORY_UNKNOWN,,
admin#directory#resources#calendars#CalendarResource,"""BHP2ZsIq1HPrqEG_xY7Tkngn4lU/nU-QKfDQaxuU0igxFBY_hPoAB3o""",-71649929470,(機器)-大阪-Rプロジェクタ【EPSON】,(機器)-大阪-Rプロジェクタ【EPSON】,IT機器-大阪,,919.jp_2d3731363439393239343730@resource.calendar.google.com,CATEGORY_UNKNOWN,,
admin#directory#resources#calendars#CalendarResource,"""BHP2ZsIq1HPrqEG_xY7Tkngn4lU/0zGR9xS-jdZam1UE0Pg-DyIsVAI""",-7182246048,大阪-女性休憩室-1,大阪-女性休憩室-1,会議室-大阪,鍵は総務部まで,919.jp_2d37313832323436303438@resource.calendar.google.com,CATEGORY_UNKNOWN,,
admin#directory#resources#calendars#CalendarResource,"""BHP2ZsIq1HPrqEG_xY7Tkngn4lU/QMzYFiwgddlzkc1ZEKIEJz02b5A""",-7646869-714,(PC)-大阪-紹介部　ノートパソコン　M事業,(PC)-大阪-紹介部　ノートパソコン　M事業,IT機器-大阪,,919.jp_2d373634363836392d373134@resource.calendar.google.com,CATEGORY_UNKNOWN,,
admin#directory#resources#calendars#CalendarResource,"""BHP2ZsIq1HPrqEG_xY7Tkngn4lU/DsicYY4DMyhulWCbgm6JjNB-9oA""",-77552565908,東京-ATT-9-MTGルーム-14,東京-ATT-9-MTGルーム-14,会議室-ATT,,919.jp_2d3737353532353635393038@resource.calendar.google.com,CATEGORY_UNKNOWN,,
admin#directory#resources#calendars#CalendarResource,"""BHP2ZsIq1HPrqEG_xY7Tkngn4lU/i7Koy6WPzGcatC_IwWKPq4pm3pk""",-80163836298,(自転車)-大阪-ASイエロー,(自転車)-大阪-ASイエロー,自転車-大阪,,919.jp_2d3830313633383336323938@resource.calendar.google.com,CATEGORY_UNKNOWN,,
admin#directory#resources#calendars#CalendarResource,"""BHP2ZsIq1HPrqEG_xY7Tkngn4lU/4vROvex7r2q9GyBHWGbpZazZn7U""",-84795790885,平村保養所 (要総務部申請),平村保養所 (要総務部申請),福利厚生保養所,,919.jp_2d3834373935373930383835@resource.calendar.google.com,CATEGORY_UNKNOWN,,
admin#directory#resources#calendars#CalendarResource,"""BHP2ZsIq1HPrqEG_xY7Tkngn4lU/gssXeewRI-dkOiCwKYzbaz0IzSg""",-85897816847,東京-ATT-9-打合せテーブル④-4,東京-ATT-9-打合せテーブル④-4,会議室-ATT,,919.jp_2d3835383937383136383437@resource.calendar.google.com,CATEGORY_UNKNOWN,,
admin#directory#resources#calendars#CalendarResource,"""BHP2ZsIq1HPrqEG_xY7Tkngn4lU/EIo7QyhA9ZYrAvgZY9Q-4lqgkBU""",-85968360-193,東京-ATT-9-打合せテーブル③-4,東京-ATT-9-打合せテーブル③-4,会議室-ATT,,919.jp_2d38353936383336302d313933@resource.calendar.google.com,CATEGORY_UNKNOWN,,
admin#directory#resources#calendars#CalendarResource,"""BHP2ZsIq1HPrqEG_xY7Tkngn4lU/ZD0OxgZfgDIzafAkW1SPOcgSSrI""",-86032728-307,東京-ATT-9-打合せテーブル②-4,東京-ATT-9-打合せテーブル②-4,会議室-ATT,,919.jp_2d38363033323732382d333037@resource.calendar.google.com,CATEGORY_UNKNOWN,,
admin#directory#resources#calendars#CalendarResource,"""BHP2ZsIq1HPrqEG_xY7Tkngn4lU/HcGe2_WVRLprbb968RqFevrWl_4""",-8617300681,東京-ATT-9-打合せテーブル①-4,東京-ATT-9-打合せテーブル①-4,会議室-ATT,,919.jp_2d38363137333030363831@resource.calendar.google.com,CATEGORY_UNKNOWN,,
admin#directory#resources#calendars#CalendarResource,"""BHP2ZsIq1HPrqEG_xY7Tkngn4lU/wg_uA8Dpq21Dld0a6fiwvkrs6h0""",-88470822739,(機器)-大阪-紹介部　iPad【大阪用】0055,(機器)-大阪-紹介部　iPad【大阪用】0055,IT機器-大阪,,919.jp_2d3838343730383232373339@resource.calendar.google.com,CATEGORY_UNKNOWN,,
admin#directory#resources#calendars#CalendarResource,"""BHP2ZsIq1HPrqEG_xY7Tkngn4lU/eBtgW7QrRrV0XmCmnt7dfO5jYnQ""",-89162999-284,(機器)-東京-スピーカ,(機器)-東京-スピーカ,IT機器-東京,,919.jp_2d38393136323939392d323834@resource.calendar.google.com,CATEGORY_UNKNOWN,,
admin#directory#resources#calendars#CalendarResource,"""BHP2ZsIq1HPrqEG_xY7Tkngn4lU/Kqkh7aT8lxDzZdgRLBvHGeme674""",-912084681,(機器)-東京-カードリーダー,(機器)-東京-カードリーダー,IT機器-東京,,919.jp_2d393132303834363831@resource.calendar.google.com,CATEGORY_UNKNOWN,,
admin#directory#resources#calendars#CalendarResource,"""BHP2ZsIq1HPrqEG_xY7Tkngn4lU/UIXfXmMiTQ5UBcZogsYxciRP9Yc""",-94424603-617,(機器)-東京-ホワイトボード,(機器)-東京-ホワイトボード,IT機器-東京,,919.jp_2d39343432343630332d363137@resource.calendar.google.com,CATEGORY_UNKNOWN,,
admin#directory#resources#calendars#CalendarResource,"""BHP2ZsIq1HPrqEG_xY7Tkngn4lU/LAvkU5PzPckRPQPoWkx_JcIIacQ""",-95244928-948,(機器)-東京-プロジェクター　EB-X24(白),(機器)-東京-プロジェクター　EB-X24(白),IT機器-東京,,919.jp_2d39353234343932382d393438@resource.calendar.google.com,CATEGORY_UNKNOWN,,
admin#directory#resources#calendars#CalendarResource,"""BHP2ZsIq1HPrqEG_xY7Tkngn4lU/oTBlMDdtaUgEsp05DasbiB5U3xg""",-96549153-692,(ツール)-大阪-クイックがつくる求人広告,(ツール)-大阪-クイックがつくる求人広告,営業ツール-大阪,,919.jp_2d39363534393135332d363932@resource.calendar.google.com,CATEGORY_UNKNOWN,,
admin#directory#resources#calendars#CalendarResource,"""BHP2ZsIq1HPrqEG_xY7Tkngn4lU/dh42iwyhuEgKEfFs11ZwVQjcyoQ""",1069438-843,東京-ATT-3-面談室13-4,東京-ATT-3-面談室13-4,会議室-ATT,,919.jp_313036393433382d383433@resource.calendar.google.com,CATEGORY_UNKNOWN,,
admin#directory#resources#calendars#CalendarResource,"""BHP2ZsIq1HPrqEG_xY7Tkngn4lU/E3odRIYdtp0f_W5rWd40ORAwMpk""",1114124847,テスト-テスト２０１,テスト-テスト２０１,テスト用,,919.jp_31313134313234383437@resource.calendar.google.com,CATEGORY_UNKNOWN,,
admin#directory#resources#calendars#CalendarResource,"""BHP2ZsIq1HPrqEG_xY7Tkngn4lU/N44GCybT2W63EPpush_xbB0uhlE""",1204761133,テスト-テスト１３,テスト-テスト１３,テスト用,窓があり、お客様のご来社時や面接に適しています。他の面談室が空いていたら、社内MTGは他面談室を優先的に使いましょう。,919.jp_31323034373631313333@resource.calendar.google.com,CATEGORY_UNKNOWN,窓があり、お客様のご来社時や面接に適しています。他の面談室が空いていたら、社内MTGは他面談室を優先的に使いましょう。,
admin#directory#resources#calendars#CalendarResource,"""BHP2ZsIq1HPrqEG_xY7Tkngn4lU/Bv-wk_GB4UrSSk7tNTzqVRbtCkQ""",12110304580,東京-センタービル-休憩室-1,東京-センタービル-休憩室-1 (1),会議室-センタービル,,919.jp_3132313130333034353830@resource.calendar.google.com,CATEGORY_UNKNOWN,,1
admin#directory#resources#calendars#CalendarResource,"""BHP2ZsIq1HPrqEG_xY7Tkngn4lU/t0M5tVwEsY3kjDQVClUo-Qr3bLE""",12325231913,テスト-テスト４５,テスト-テスト４５,テスト用,,919.jp_3132333235323331393133@resource.calendar.google.com,CATEGORY_UNKNOWN,,
admin#directory#resources#calendars#CalendarResource,"""BHP2ZsIq1HPrqEG_xY7Tkngn4lU/wxtygJQUajYLJI20MPI8Ru9mPgY""",1248849169,大阪-第2面談室-4,大阪-第2面談室-4,会議室-大阪,,919.jp_31323438383439313639@resource.calendar.google.com,CATEGORY_UNKNOWN,,
admin#directory#resources#calendars#CalendarResource,"""BHP2ZsIq1HPrqEG_xY7Tkngn4lU/SuU8eMdH2XyaCBKOD0w_jUxpiXE""",12812828948,テスト-テスト２３,テスト-テスト２３,テスト用,壁掛けテレビモニター常設。大阪とのテレビ会議・PCからTVへの投影可。,919.jp_3132383132383238393438@resource.calendar.google.com,CATEGORY_UNKNOWN,壁掛けテレビモニター常設。大阪とのテレビ会議・PCからTVへの投影可。,
admin#directory#resources#calendars#CalendarResource,"""BHP2ZsIq1HPrqEG_xY7Tkngn4lU/xv0owL1isgC0KdybcfTv0WtFPD4""",13784824706,(車)-堺-ミラ,(車)-堺-ミラ,車-大阪,,919.jp_3133373834383234373036@resource.calendar.google.com,CATEGORY_UNKNOWN,,
admin#directory#resources#calendars#CalendarResource,"""BHP2ZsIq1HPrqEG_xY7Tkngn4lU/BA6iAswBm60ewPMpHL1V7enwrao""",1408992853,大阪-第4面談室-4,大阪-第4面談室-4,会議室-大阪,,919.jp_31343038393932383533@resource.calendar.google.com,CATEGORY_UNKNOWN,,
admin#directory#resources#calendars#CalendarResource,"""BHP2ZsIq1HPrqEG_xY7Tkngn4lU/F0_OBHWRiWKKlyMs2C869dT7qWk""",16025731535,テスト-テスト４６,テスト-テスト４６,テスト用,ビクター Everio GZ-HM570(R),919.jp_3136303235373331353335@resource.calendar.google.com,CATEGORY_UNKNOWN,ビクター Everio GZ-HM570(R),
admin#directory#resources#calendars#CalendarResource,"""BHP2ZsIq1HPrqEG_xY7Tkngn4lU/h16a4R_ol85zhPUgUjKvrIWhPrc""",16332966373,テスト-テスト５０,テスト-テスト５０,テスト用,■PJの常設されていない部屋でのMTG時に利用。　■社外への持ち出しは原則不可。どうしても必要な際は事前に事業推進課までご相談下さい,919.jp_3136333332393636333733@resource.calendar.google.com,CATEGORY_UNKNOWN,■PJの常設されていない部屋でのMTG時に利用。　■社外への持ち出しは原則不可。どうしても必要な際は事前に事業推進課までご相談下さい,
admin#directory#resources#calendars#CalendarResource,"""BHP2ZsIq1HPrqEG_xY7Tkngn4lU/znezfOww9n5aksFm0i2WVUID3GM""",16471137645,東京-センタービル-面談室①-6,東京-センタービル-面談室①-6 (6),会議室-センタービル,,919.jp_3136343731313337363435@resource.calendar.google.com,CATEGORY_UNKNOWN,,6
admin#directory#resources#calendars#CalendarResource,"""BHP2ZsIq1HPrqEG_xY7Tkngn4lU/rTjIK2tGjqY2IT5yktjfJV1rQi0""",16526731926,テスト-テスト４８,テスト-テスト４８,テスト用,,919.jp_3136353236373331393236@resource.calendar.google.com,CATEGORY_UNKNOWN,,
admin#directory#resources#calendars#CalendarResource,"""BHP2ZsIq1HPrqEG_xY7Tkngn4lU/f8zpCDLcIKzvqiEUdORtEa_aXIw""",16590234741,東京-センタービル-面談室②-4,東京-センタービル-面談室②-4 (4),会議室-センタービル,,919.jp_3136353930323334373431@resource.calendar.google.com,CATEGORY_UNKNOWN,,4
admin#directory#resources#calendars#CalendarResource,"""BHP2ZsIq1HPrqEG_xY7Tkngn4lU/m9GnnUchUs1FBZgq8a1VOm6u6gs""",1665172845,東京-センタービル-面談室③-4,東京-センタービル-面談室③-4 (4),会議室-センタービル,,919.jp_31363635313732383435@resource.calendar.google.com,CATEGORY_UNKNOWN,,4
admin#directory#resources#calendars#CalendarResource,"""BHP2ZsIq1HPrqEG_xY7Tkngn4lU/xmiGwvkO7LcE7-z0S9QnmH8eX5E""",17034204-751,(機器)-大阪-プロジェクタ【BenQ小】,(機器)-大阪-プロジェクタ【BenQ小】,IT機器-大阪,,919.jp_31373033343230342d373531@resource.calendar.google.com,CATEGORY_UNKNOWN,,
admin#directory#resources#calendars#CalendarResource,"""BHP2ZsIq1HPrqEG_xY7Tkngn4lU/EMSa4Hbqa0XREi1e_O_DxQqC6xA""",1916124300,テスト-テスト２５,テスト-テスト２５,テスト用,,919.jp_31393136313234333030@resource.calendar.google.com,CATEGORY_UNKNOWN,,
admin#directory#resources#calendars#CalendarResource,"""BHP2ZsIq1HPrqEG_xY7Tkngn4lU/07Fhbh669bNjnJoCY1TrBro6QMY""",19327422789,播磨ログハウス (要総務部申請),播磨ログハウス (要総務部申請),福利厚生保養所,,919.jp_3139333237343232373839@resource.calendar.google.com,CATEGORY_UNKNOWN,,
admin#directory#resources#calendars#CalendarResource,"""BHP2ZsIq1HPrqEG_xY7Tkngn4lU/6ynzptlXskd0IeBnxmLBX6KWClI""",21012143-225,(PC)-名古屋-ノートＰＣ,(PC)-名古屋-ノートＰＣ,備品・部屋-名古屋R,,919.jp_32313031323134332d323235@resource.calendar.google.com,CATEGORY_UNKNOWN,,
admin#directory#resources#calendars#CalendarResource,"""BHP2ZsIq1HPrqEG_xY7Tkngn4lU/Lxh2UYh5tqyITRpNdI0HC9zgDDA""",2132466656,テスト-テスト４９,テスト-テスト４９,テスト用,■PJの常設されていない部屋でのMTG時に利用。　■社外への持ち出しは原則不可。どうしても必要な際は事前に事業推進課までご相談下さい,919.jp_32313332343636363536@resource.calendar.google.com,CATEGORY_UNKNOWN,■PJの常設されていない部屋でのMTG時に利用。　■社外への持ち出しは原則不可。どうしても必要な際は事前に事業推進課までご相談下さい,
admin#directory#resources#calendars#CalendarResource,"""BHP2ZsIq1HPrqEG_xY7Tkngn4lU/rKOwKovt_bws7LtDr7yCb6zEgv0""",2162862522,テスト-テスト４１,テスト-テスト４１,テスト用,iPad (第 3 世代) Wi-Fi + Cellular：A1430,919.jp_32313632383632353232@resource.calendar.google.com,CATEGORY_UNKNOWN,iPad (第 3 世代) Wi-Fi + Cellular：A1430,
admin#directory#resources#calendars#CalendarResource,"""BHP2ZsIq1HPrqEG_xY7Tkngn4lU/YDG2kwVD4oKt9bDcbiHrmescWo4""",21777080-231,(機器)-東京-プロジェクター　EH-TW400(黒),(機器)-東京-プロジェクター　EH-TW400(黒),IT機器-東京,,919.jp_32313737373038302d323331@resource.calendar.google.com,CATEGORY_UNKNOWN,,
admin#directory#resources#calendars#CalendarResource,"""BHP2ZsIq1HPrqEG_xY7Tkngn4lU/2YI0CeaSn7h2PZQHE3qwDTXvwP4""",23435681-986,(ツール)-大阪-受賞作品一覧,(ツール)-大阪-受賞作品一覧,営業ツール-大阪,,919.jp_32333433353638312d393836@resource.calendar.google.com,CATEGORY_UNKNOWN,,
admin#directory#resources#calendars#CalendarResource,"""BHP2ZsIq1HPrqEG_xY7Tkngn4lU/vOuyb2EMyDUkJE8OjO2k5sZ7BEI""",26334727-189,(機器)-大阪-液晶モニタ【20インチ】,(機器)-大阪-液晶モニタ【20インチ】,IT機器-大阪,,919.jp_32363333343732372d313839@resource.calendar.google.com,CATEGORY_UNKNOWN,,
admin#directory#resources#calendars#CalendarResource,"""BHP2ZsIq1HPrqEG_xY7Tkngn4lU/LkNKCHAufcqCJkg5XZIZubNB-6Q""",265618526,テスト-テスト１５,テスト-テスト１５,テスト用,,919.jp_323635363138353236@resource.calendar.google.com,CATEGORY_UNKNOWN,,
admin#directory#resources#calendars#CalendarResource,"""BHP2ZsIq1HPrqEG_xY7Tkngn4lU/Qzpv1eyTQirP0hTIYZkEpE8SaaI""",2661332898,テスト-テスト１９,テスト-テスト１９,テスト用,5F倉庫前,919.jp_32363631333332383938@resource.calendar.google.com,CATEGORY_UNKNOWN,5F倉庫前,
admin#directory#resources#calendars#CalendarResource,"""BHP2ZsIq1HPrqEG_xY7Tkngn4lU/OOa13QM55ASAKWWQLrronLvi0cs""",2677185656,テスト-テスト１７,テスト-テスト１７,テスト用,,919.jp_32363737313835363536@resource.calendar.google.com,CATEGORY_UNKNOWN,,
admin#directory#resources#calendars#CalendarResource,"""BHP2ZsIq1HPrqEG_xY7Tkngn4lU/8-kcgUeDkIpgBGBPCXpokvPfUPo""",27128125741,テスト-テスト４０,テスト-テスト４０,テスト用,iPad (第 3 世代) Wi-Fi + Cellular：A1430,919.jp_3237313238313235373431@resource.calendar.google.com,CATEGORY_UNKNOWN,iPad (第 3 世代) Wi-Fi + Cellular：A1430,
admin#directory#resources#calendars#CalendarResource,"""BHP2ZsIq1HPrqEG_xY7Tkngn4lU/6kNiBchEvMRikobv2V86gotQD6c""",2715685916,テスト-テスト１４,テスト-テスト１４,テスト用,窓があり、お客様のご来社時や面接に適しています。他の面談室が空いていたら、社内MTGは他面談室を優先的に使いましょう。,919.jp_32373135363835393136@resource.calendar.google.com,CATEGORY_UNKNOWN,窓があり、お客様のご来社時や面接に適しています。他の面談室が空いていたら、社内MTGは他面談室を優先的に使いましょう。,
admin#directory#resources#calendars#CalendarResource,"""BHP2ZsIq1HPrqEG_xY7Tkngn4lU/_Cpjf57ZfMUjulWKS0WRqEWS7x8""",27572341-620,大阪-第3面談室-4,大阪-第3面談室-4,会議室-大阪,,919.jp_32373537323334312d363230@resource.calendar.google.com,CATEGORY_UNKNOWN,,
admin#directory#resources#calendars#CalendarResource,"""BHP2ZsIq1HPrqEG_xY7Tkngn4lU/Y_SrD-i1MhWYGqUA7XZIbg50lWE""",27717902751,テスト-テスト２７,テスト-テスト２７,テスト用,,919.jp_3237373137393032373531@resource.calendar.google.com,CATEGORY_UNKNOWN,,
admin#directory#resources#calendars#CalendarResource,"""BHP2ZsIq1HPrqEG_xY7Tkngn4lU/Wt3_YZ7GXbQ7i4kkVtvxZC8-mPk""",29430965219,テスト-テスト５２,テスト-テスト５２,テスト用,,919.jp_3239343330393635323139@resource.calendar.google.com,CATEGORY_UNKNOWN,,
admin#directory#resources#calendars#CalendarResource,"""BHP2ZsIq1HPrqEG_xY7Tkngn4lU/-X9uSKSpb2J6TqieVI5ao60GdLs""",31918902375,テスト-テスト２９,テスト-テスト２９,テスト用,,919.jp_3331393138393032333735@resource.calendar.google.com,CATEGORY_UNKNOWN,,
admin#directory#resources#calendars#CalendarResource,"""BHP2ZsIq1HPrqEG_xY7Tkngn4lU/ydghCimikk01V3D79C-H1FahZiI""",3310750-397,(機器)-大阪-プロジェクタ【大】,(機器)-大阪-プロジェクタ【大】,IT機器-大阪,,919.jp_333331303735302d333937@resource.calendar.google.com,CATEGORY_UNKNOWN,,
admin#directory#resources#calendars#CalendarResource,"""BHP2ZsIq1HPrqEG_xY7Tkngn4lU/13NjlFOwkPCDIErYEIcBuLg4IBA""",3462812456,テスト-テスト２,テスト-テスト２,テスト用,■PJ：常設あり、■スクリーン：常設あり,919.jp_33343632383132343536@resource.calendar.google.com,CATEGORY_UNKNOWN,■PJ：常設あり、■スクリーン：常設あり,
admin#directory#resources#calendars#CalendarResource,"""BHP2ZsIq1HPrqEG_xY7Tkngn4lU/rpG3aefvKqrwjAjkxzudp5_-_1E""",34735254154,テスト-テスト３５,テスト-テスト３５,テスト用,,919.jp_3334373335323534313534@resource.calendar.google.com,CATEGORY_UNKNOWN,,
admin#directory#resources#calendars#CalendarResource,"""BHP2ZsIq1HPrqEG_xY7Tkngn4lU/wc_89M9CQiL_SuwowNC66xGDg6g""",37239131-391,(自転車)-大阪-ASワインレッド,(自転車)-大阪-ASワインレッド,自転車-大阪,,919.jp_33373233393133312d333931@resource.calendar.google.com,CATEGORY_UNKNOWN,,
admin#directory#resources#calendars#CalendarResource,"""BHP2ZsIq1HPrqEG_xY7Tkngn4lU/P1vajV8s-P9EWkHqH6mPvyDB12Y""",381232839,テスト-テスト２６,テスト-テスト２６,テスト用,■PJ：天井固定あり、■スクリーン：天井固定あり,919.jp_333831323332383339@resource.calendar.google.com,CATEGORY_UNKNOWN,■PJ：天井固定あり、■スクリーン：天井固定あり,
admin#directory#resources#calendars#CalendarResource,"""BHP2ZsIq1HPrqEG_xY7Tkngn4lU/te2E4XFnzZ9FYcsmzaldmAdkIZQ""",3831465446,テスト-テスト５７,テスト-テスト５７,テスト用,,919.jp_33383331343635343436@resource.calendar.google.com,CATEGORY_UNKNOWN,,
admin#directory#resources#calendars#CalendarResource,"""BHP2ZsIq1HPrqEG_xY7Tkngn4lU/sDYKvLyHFmRVRqrqmpgLCC2jL9I""",38829125201,テスト-テスト５４,テスト-テスト５４,テスト用,,919.jp_3338383239313235323031@resource.calendar.google.com,CATEGORY_UNKNOWN,,
admin#directory#resources#calendars#CalendarResource,"""BHP2ZsIq1HPrqEG_xY7Tkngn4lU/LCdOtHo88dSGtgs7ZKT2vXZeAV4""",3916902349,テスト-テスト３１,テスト-テスト３１,テスト用,,919.jp_33393136393032333439@resource.calendar.google.com,CATEGORY_UNKNOWN,,
admin#directory#resources#calendars#CalendarResource,"""BHP2ZsIq1HPrqEG_xY7Tkngn4lU/uyhuz1k0KJ-XNw0fBJFafs-SyGk""",3931966785,テスト-テスト５８,テスト-テスト５８,テスト用,,919.jp_33393331393636373835@resource.calendar.google.com,CATEGORY_UNKNOWN,,
